{
"data":
[{
    "Code" : "abc", 
    "CompanyName": "ABC", 
    "Description" : "Abc", 
    "Date_of_Record": "27-07-2020", 
    "Open" : 100, 
    "High":20,
    "Low":0,
    "Close": 0,
    "WAP": 50,
    "No_of_shares": 10000,
    "No_of_trades": 200,
    "Total_Turnover": 10000000,
    "Deliverable_Quantity":12,
    "Perc_Deli_Qty_To_Traded_Qty":42,
    "Spread_H_L":3,
    "Spread_c_O:":2
},
{
    "Code" : "def",
    "CompanyName": "DEF",
    "Description" : "Def",
    "Date_of_Record": "27-07-2020",
    "Open" : 100,
    "High":200,
    "Low":0,
    "Close": 0,
    "WAP": 50,
    "No_of_shares": 10000,
    "No_of_trades": 200,
    "Total_Turnover": 10000000,
    "Deliverable_Quantity":12,
    "Perc_Deli_Qty_To_Traded_Qty":42,
    "Spread_H_L":3,
    "Spread_c_O:":2
},
{
    "Code" : "ghi",
    "CompanyName": "GHI",
    "Description" : "Ghi",
    "Date_of_Record": "27-07-2020",
    "Open" : 100,
    "High":200,
    "Low":0,
    "Close": 0,
    "WAP": 50,
    "No_of_shares": 10000,
    "No_of_trades": 200,
    "Total_Turnover": 10000000,
    "Deliverable_Quantity":12,
    "Perc_Deli_Qty_To_Traded_Qty":42,
    "Spread_H_L":3,
    "Spread_c_O:":2
},
{
    "Code" : "jkl", 
    "CompanyName": "JKL", 
    "Description" : "Jkl", 
    "Date_of_Record": "27-07-2020", 
    "Open" : 100, 
    "High":20,
    "Low":0,
    "Close": 0,
    "WAP": 50,
    "No_of_shares": 10000,
    "No_of_trades": 200,
    "Total_Turnover": 10000000,
    "Deliverable_Quantity":12,
    "Perc_Deli_Qty_To_Traded_Qty":42,
    "Spread_H_L":3,
    "Spread_c_O:":2
},
{
    "Code" : "mno",
    "CompanyName": "MNO",
    "Description" : "Mno",
    "Date_of_Record": "27-07-2020",
    "Open" : 100,
    "High":2000,
    "Low":0,
    "Close": 0,
    "WAP": 50,
    "No_of_shares": 10000,
    "No_of_trades": 200,
    "Total_Turnover": 10000000,
    "Deliverable_Quantity":12,
    "Perc_Deli_Qty_To_Traded_Qty":42,
    "Spread_H_L":3,
    "Spread_c_O:":2
},
{
    "Code" : "mno",
    "CompanyName": "MNO",
    "Description" : "Mno",
    "Date_of_Record": "27-07-2020",
    "Open" : 100,
    "High":2000,
    "Low":0,
    "Close": 0,
    "WAP": 50,
    "No_of_shares": 10000,
    "No_of_trades": 200,
    "Total_Turnover": 10000000,
    "Deliverable_Quantity":12,
    "Perc_Deli_Qty_To_Traded_Qty":42,
    "Spread_H_L":3,
    "Spread_c_O:":2
},
{
    "Code" : "mno",
    "CompanyName": "MNO",
    "Description" : "Mno",
    "Date_of_Record": "27-07-2020",
    "Open" : 100,
    "High":2000,
    "Low":0,
    "Close": 0,
    "WAP": 50,
    "No_of_shares": 10000,
    "No_of_trades": 200,
    "Total_Turnover": 10000000,
    "Deliverable_Quantity":12,
    "Perc_Deli_Qty_To_Traded_Qty":42,
    "Spread_H_L":3,
    "Spread_c_O:":2
},
{
    "Code" : "mno",
    "CompanyName": "MNO",
    "Description" : "Mno",
    "Date_of_Record": "27-07-2020",
    "Open" : 100,
    "High":2000,
    "Low":0,
    "Close": 0,
    "WAP": 50,
    "No_of_shares": 10000,
    "No_of_trades": 200,
    "Total_Turnover": 10000000,
    "Deliverable_Quantity":12,
    "Perc_Deli_Qty_To_Traded_Qty":42,
    "Spread_H_L":3,
    "Spread_c_O:":2
},
{
    "Code" : "xyz",
    "CompanyName": "XYZ",
    "Description" : "Xyz",
    "Date_of_Record": "27-07-2020",
    "Open" : 100,
    "High":2000,
    "Low":0,
    "Close": 0,
    "WAP": 50,
    "No_of_shares": 10000,
    "No_of_trades": 200,
    "Total_Turnover": 10000000,
    "Deliverable_Quantity":12,
    "Perc_Deli_Qty_To_Traded_Qty":42,
    "Spread_H_L":3,
    "Spread_c_O:":2
}]}
