[
   { "Code"
:
"BOM500002",
"CompanyName"
:
"ABB India Limited EOD Prices",
"Description"
:
"End of Day prices and additional trading information for ABB India Lim...",
"Date_of_Record"
:
"2020-07-21T00:00:00.000+00:00",
"Open"
:
901.15,
"High"
:
930,
"Low"
:
901.15,
"Close"
:
909.85,
"WAP"
:
906.77,
"No_of_shares"
:
16251,
"No_of_trades"
:
803,
"Total_Turnover"
:
14735897,
"Deliverable_Quantity"
:
7143,
"Perc_Deli_Qty_To_Traded_Qty"
:
43.95,
"Spread_H_L"
:
28.85,
"Spread_C_O"
:
8.7
}
]